E_norm,J_crit_norm,J_norm,Lprime,acc_max,energy,f_armature,fitness,genom_0,genom_1,genom_2,genom_3,genom_4,id,j,mass,velocity,x1,x2,x3,x4,x5,x6,iteration_num
0.4907731959879403,0.3709677419354839,0.43165518768185285,3.912796842646769e-07,2478624.804174953,49077.31959879403,195639.84213233844,0.4300857502415713,0.12,0.28,0.17,0.34,0.5,0.0,5352524327.254975,0.05393080138744922,1115.147100154329,1.3199999999999998,3.08,8.1,8.16,16.32,24.0,0
0.517461894404824,0.3709677419354839,0.3770964748136543,3.843649632780039e-07,2228346.5505657666,51746.189440482405,192182.48163900193,0.5113331615266536,0.42,0.23,0.17,0.34,0.49,1.0,4675996287.689314,0.061244431589964184,1095.440145342311,4.62,2.5300000000000002,5.35,8.16,16.32,23.52,0
0.4604894511126228,0.3709677419354839,0.348277408574332,3.911269105329965e-07,2638536.67726861,46048.94511126228,195563.45526649823,0.4604894511126228,0.46,0.14,0.34,0.31,0.29,2.0,4318639866.321716,0.0491181492572405,1114.71169501904,5.0600000000000005,1.54,5.8999999999999995,16.32,14.879999999999999,13.919999999999998,0
0.46647540803146026,0.3709677419354839,0.4073236247105433,3.912846834499585e-07,2607831.4571184576,46647.540803146025,195642.34172497925,0.43011952525640085,0.42,0.61,0.19,0.33,0.22,3.0,5050812946.410737,0.05002108358688015,1115.1613478323818,4.62,6.71,1.17,9.120000000000001,15.84,10.56,0
0.4270441511403113,0.3709677419354839,0.5655071124218648,3.921776307579759e-07,2868173.415772,42704.41511403113,196088.81537898796,0.23250478065393038,0.17,0.59,0.17,0.14,0.39,4.0,7012288194.031124,0.04336714066893634,1117.7062476602314,1.87,6.489999999999999,4.14,8.16,6.720000000000001,18.72,0
0.31402538172584704,0.3709677419354839,0.6916178318129275,3.8684395819666305e-07,3743453.4026788576,31402.538172584704,193421.97909833153,-0.006624708151596548,0.81,0.19,0.12,0.12,0.14,5.0,8576061114.4803,0.026669396755390776,1102.5052808604898,8.91,2.09,1.5,5.76,5.76,6.720000000000001,0
0.41442475875386325,0.3709677419354839,0.310368254090904,3.853997495253729e-07,2804906.0523721315,41442.47587538633,192699.87476268646,0.41442475875386325,0.5,0.2,0.41,0.34,0.12,6.0,3848566350.72721,0.04370100857735275,1098.389286147313,5.5,2.2,4.8,19.68,16.32,5.76,0
0.43876010161086154,0.3709677419354839,0.3059130188126266,3.814334013646127e-07,2568376.942141316,43876.01016108615,190716.70068230634,0.43876010161086154,0.59,0.1,0.25,0.57,0.11,7.0,3793321433.27657,0.049255728414732365,1087.0851938891462,6.489999999999999,1.1,4.91,12.0,27.36,5.28,0
0.464257922379638,0.3709677419354839,0.4062205027493906,3.9111651594338573e-07,2616910.5130522074,46425.7922379638,195558.25797169286,0.42900516156573126,0.39,0.2,0.59,0.13,0.32,8.0,5037134234.092443,0.0497286760461692,1114.6820704386494,4.29,2.2,6.010000000000001,28.32,6.24,15.36,0
0.3390477050471256,0.3709677419354839,0.5268095805437941,3.941448934825179e-07,3667217.195505687,33904.770504712564,197072.44674125896,0.18320586643881537,0.4,0.24,0.23,0.17,0.16,9.0,6532438798.743047,0.028738962334376776,1123.312946425176,4.4,2.6399999999999997,5.46,11.040000000000001,8.16,7.68,0
0.3084778329422263,0.3709677419354839,0.5404294252441653,3.9096425465745085e-07,3933842.1023974745,30847.78329422263,195482.12732872542,0.13901614963354492,0.19,0.49,0.12,0.2,0.14,10.0,6701324873.02765,0.024692418312770897,1114.248125773735,2.09,5.39,5.0200000000000005,5.76,9.600000000000001,6.720000000000001,0
0.4612911094644125,0.3709677419354839,0.3455130004700374,3.839144508097399e-07,2490909.924207793,46129.11094644125,191957.22540486994,0.4612911094644125,0.24,0.59,0.52,0.2,0.28,11.0,4284361205.828464,0.052063093907709176,1094.1561848077588,2.6399999999999997,6.489999999999999,3.37,24.96,9.600000000000001,13.440000000000001,0
0.6208130928425803,0.3709677419354839,0.43403166251921116,3.9204143485737477e-07,1970900.824717524,62081.30928425804,196020.71742868738,0.557749172258853,0.75,0.25,0.16,0.35,0.52,12.0,5381992615.238218,0.07445742320990793,1117.318089343518,8.25,2.75,1.5,7.68,16.799999999999997,24.96,0
0.5323192681460226,0.3709677419354839,0.7106302861631432,3.9374251643106804e-07,2328597.7846386186,53231.92681460226,196871.258215534,0.1926567239183633,0.34,0.24,0.12,0.15,0.63,13.0,8811815548.422976,0.05954498218381109,1122.1661718285438,3.74,2.6399999999999997,6.12,5.76,7.199999999999999,30.240000000000002,0
0.40283373600793393,0.3709677419354839,0.29085620173601057,3.714078795630969e-07,2582600.520552349,40283.37360079339,185703.93978154846,0.40283373600793393,0.1,0.49,0.16,0.74,0.11,14.0,3606616901.526531,0.04690579352234909,1058.5124567548262,1.1,5.39,6.010000000000001,7.68,35.519999999999996,5.28,0
0.42009927739987024,0.3709677419354839,0.3575251332228999,3.8466353877604685e-07,2751191.7602633787,42009.927739987026,192331.76938802341,0.42009927739987024,0.1,0.54,0.31,0.35,0.26,15.0,4433311651.963959,0.04490852915669207,1096.2910855117334,1.1,5.94,5.46,14.879999999999999,16.799999999999997,12.48,0
0.4785054137439387,0.3709677419354839,0.37983131071337467,3.8952376295664107e-07,2508099.3986622235,47850.54137439387,194761.88147832055,0.4696418449660479,0.47,0.43,0.51,0.13,0.27,16.0,4709908252.845846,0.052653174982699294,1110.142724426427,5.17,4.7299999999999995,2.6000000000000005,24.48,6.24,12.96,0
0.42583864998617516,0.3709677419354839,0.3689085446568605,3.898075671526514e-07,2824460.1337440317,42583.864998617515,194903.78357632572,0.42583864998617516,0.52,0.49,0.4,0.2,0.12,17.0,4574465953.74507,0.044005676960278524,1110.9515663850566,5.720000000000001,5.39,1.3899999999999997,19.200000000000003,9.600000000000001,5.76,0
0.4407534602591233,0.3709677419354839,0.39234943657992893,3.85912976861158e-07,2647903.4525282336,44075.34602591233,192956.488430579,0.41937176561467826,0.39,0.22,0.65,0.12,0.27,18.0,4865133013.591119,0.047871421443384965,1099.8519840543004,4.29,2.42,5.790000000000001,31.200000000000003,5.76,12.96,0
0.5689886535751647,0.3709677419354839,0.4563860743028572,3.9318497697594356e-07,2169286.2815139843,56898.86535751647,196592.48848797177,0.48357032120779136,0.64,0.22,0.25,0.19,0.53,19.0,5659187321.35543,0.06562542374571524,1120.577184381439,7.04,2.42,3.04,12.0,9.120000000000001,25.44,0
0.6208130928425803,0.3709677419354839,0.43403166251921116,3.9204143485737477e-07,1970900.824717524,62081.30928425804,196020.71742868738,0.557749172258853,0.75,0.25,0.16,0.35,0.52,12.0,5381992615.238218,0.07445742320990793,1117.318089343518,8.25,2.75,1.5,7.68,16.799999999999997,24.96,1
0.517461894404824,0.3709677419354839,0.3770964748136543,3.843649632780039e-07,2228346.5505657666,51746.189440482405,192182.48163900193,0.5113331615266536,0.42,0.23,0.17,0.34,0.49,1.0,4675996287.689314,0.061244431589964184,1095.440145342311,4.62,2.5300000000000002,5.35,8.16,16.32,23.52,1
0.5689886535751647,0.3709677419354839,0.4563860743028572,3.9318497697594356e-07,2169286.2815139843,56898.86535751647,196592.48848797177,0.48357032120779136,0.64,0.22,0.25,0.19,0.53,19.0,5659187321.35543,0.06562542374571524,1120.577184381439,7.04,2.42,3.04,12.0,9.120000000000001,25.44,1
0.4785054137439387,0.3709677419354839,0.37983131071337467,3.8952376295664107e-07,2508099.3986622235,47850.54137439387,194761.88147832055,0.4696418449660479,0.47,0.43,0.51,0.13,0.27,16.0,4709908252.845846,0.052653174982699294,1110.142724426427,5.17,4.7299999999999995,2.6000000000000005,24.48,6.24,12.96,1
0.4407534602591233,0.3709677419354839,0.39234943657992893,3.85912976861158e-07,2647903.4525282336,44075.34602591233,192956.488430579,0.41937176561467826,0.39,0.22,0.65,0.12,0.27,18.0,4865133013.591119,0.047871421443384965,1099.8519840543004,4.29,2.42,5.790000000000001,31.200000000000003,5.76,12.96,1
0.4604894511126228,0.3709677419354839,0.348277408574332,3.911269105329965e-07,2638536.67726861,46048.94511126228,195563.45526649823,0.4604894511126228,0.46,0.14,0.34,0.31,0.29,2.0,4318639866.321716,0.0491181492572405,1114.71169501904,5.0600000000000005,1.54,5.8999999999999995,16.32,14.879999999999999,13.919999999999998,1
0.47982355848324254,0.3709677419354839,0.3708448686040824,3.80429646505005e-07,2330082.094823325,47982.35584832425,190214.8232525025,0.47982355848324254,0.64,0.22,0.25,0.57,0.11,20.0,4598476370.690621,0.05663438690640866,1084.2244925392642,7.04,2.42,3.04,12.0,27.36,5.28,1
0.5383047904913172,0.3709677419354839,0.43204678632758364,3.906281201586909e-07,2248495.3559834347,53830.47904913172,195314.06007934545,0.4772257460992174,0.59,0.1,0.25,0.19,0.53,21.0,5357380150.462037,0.061864337771300425,1113.290142452269,6.489999999999999,1.1,4.91,12.0,9.120000000000001,25.44,1
0.4785054137439387,0.3709677419354839,0.37983131071337467,3.8952376295664107e-07,2508099.3986622235,47850.54137439387,194761.88147832055,0.4696418449660479,0.47,0.43,0.51,0.13,0.27,16.0,4709908252.845846,0.052653174982699294,1110.142724426427,5.17,4.7299999999999995,2.6000000000000005,24.48,6.24,12.96,1
0.4785054137439387,0.3709677419354839,0.37983131071337467,3.8952376295664107e-07,2508099.3986622235,47850.54137439387,194761.88147832055,0.4696418449660479,0.47,0.43,0.51,0.13,0.27,16.0,4709908252.845846,0.052653174982699294,1110.142724426427,5.17,4.7299999999999995,2.6000000000000005,24.48,6.24,12.96,1
0.6129660415270799,0.3709677419354839,0.41053293859599616,3.917790915444326e-07,1992127.258954932,61296.60415270799,195889.5457722163,0.5734008448665676,0.42,0.61,0.16,0.35,0.52,22.0,5090608438.590352,0.07333184345611522,1116.570410901633,4.62,6.71,1.17,7.68,16.799999999999997,24.96,1
0.4781308837197234,0.3709677419354839,0.4178794309964889,3.922910760803183e-07,2563942.128306418,47813.08837197234,196145.53804015915,0.4312191946587184,0.75,0.25,0.19,0.33,0.22,23.0,5181704944.3564625,0.051501546534406674,1118.0295668289073,8.25,2.75,1.5,9.120000000000001,15.84,10.56,1
0.6305392116807547,0.3709677419354839,0.44742891350285074,3.9304924888191807e-07,1955503.2463261818,63053.92116807547,196524.62444095904,0.5540780401133878,0.8,0.23,0.16,0.35,0.52,24.0,5548118527.435349,0.07549823482020358,1120.1903593134666,8.8,2.5300000000000002,1.169999999999999,7.68,16.799999999999997,24.96,1
0.4604894511126228,0.3709677419354839,0.348277408574332,3.911269105329965e-07,2638536.67726861,46048.94511126228,195563.45526649823,0.4604894511126228,0.46,0.14,0.34,0.31,0.29,2.0,4318639866.321716,0.0491181492572405,1114.71169501904,5.0600000000000005,1.54,5.8999999999999995,16.32,14.879999999999999,13.919999999999998,1
0.5689886535751647,0.3709677419354839,0.4563860743028572,3.9318497697594356e-07,2169286.2815139843,56898.86535751647,196592.48848797177,0.48357032120779136,0.64,0.22,0.25,0.19,0.53,19.0,5659187321.35543,0.06562542374571524,1120.577184381439,7.04,2.42,3.04,12.0,9.120000000000001,25.44,1
0.45072837519429193,0.3709677419354839,0.362081946380499,3.824415247312957e-07,2520054.6099018306,45072.837519429195,191220.76236564785,0.45072837519429193,0.24,0.55,0.52,0.2,0.28,25.0,4489816135.118188,0.050879610550620916,1089.9583454841927,2.6399999999999997,6.050000000000001,3.8099999999999987,24.96,9.600000000000001,13.440000000000001,1
0.5292644052854626,0.3709677419354839,0.49266194251929013,3.950178681836612e-07,2364869.9568140674,52926.44052854626,197508.9340918306,0.40757020470165634,0.39,0.22,0.25,0.19,0.53,26.0,6109008087.239198,0.05851788373087243,1125.8009243234344,4.29,2.42,5.790000000000001,12.0,9.120000000000001,25.44,1
0.5153087563277733,0.3709677419354839,0.34170140524049203,3.83804818324579e-07,2227888.6157017937,51530.87563277733,191902.4091622895,0.5153087563277733,0.64,0.22,0.65,0.12,0.27,27.0,4237097424.982101,0.061136446772874005,1093.8437322250502,7.04,2.42,3.04,31.200000000000003,5.76,12.96,1
0.4515696428607443,0.3709677419354839,0.3393596242240186,3.903421804392394e-07,2674492.851949691,45156.96428607443,195171.0902196197,0.4515696428607443,0.39,0.2,0.34,0.31,0.29,28.0,4208059340.377831,0.04797499040886987,1112.4752142518323,4.29,2.2,6.010000000000001,16.32,14.879999999999999,13.919999999999998,1
0.4712147581078848,0.3709677419354839,0.39700243451110556,3.894798724228519e-07,2546043.984782029,47121.475810788485,194739.93621142596,0.44518006553226314,0.46,0.14,0.59,0.13,0.32,29.0,4922830187.937709,0.05148726313269013,1110.017636405128,5.0600000000000005,1.54,5.8999999999999995,28.32,6.24,15.36,1
0.6129660415270799,0.3709677419354839,0.41053293859599616,3.917790915444326e-07,1992127.258954932,61296.60415270799,195889.5457722163,0.5734008448665676,0.42,0.61,0.16,0.35,0.52,22.0,5090608438.590352,0.07333184345611522,1116.570410901633,4.62,6.71,1.17,7.68,16.799999999999997,24.96,2
0.6208130928425803,0.3709677419354839,0.43403166251921116,3.9204143485737477e-07,1970900.824717524,62081.30928425804,196020.71742868738,0.557749172258853,0.75,0.25,0.16,0.35,0.52,12.0,5381992615.238218,0.07445742320990793,1117.318089343518,8.25,2.75,1.5,7.68,16.799999999999997,24.96,2
0.6305392116807547,0.3709677419354839,0.44742891350285074,3.9304924888191807e-07,1955503.2463261818,63053.92116807547,196524.62444095904,0.5540780401133878,0.8,0.23,0.16,0.35,0.52,24.0,5548118527.435349,0.07549823482020358,1120.1903593134666,8.8,2.5300000000000002,1.169999999999999,7.68,16.799999999999997,24.96,2
0.5153087563277733,0.3709677419354839,0.34170140524049203,3.83804818324579e-07,2227888.6157017937,51530.87563277733,191902.4091622895,0.5153087563277733,0.64,0.22,0.65,0.12,0.27,27.0,4237097424.982101,0.061136446772874005,1093.8437322250502,7.04,2.42,3.04,31.200000000000003,5.76,12.96,2
0.507777403667672,0.3709677419354839,0.3794420642246044,3.7995364138245955e-07,2193553.297879662,50777.740366767204,189976.82069122978,0.49930308137855145,0.42,0.61,0.25,0.57,0.11,30.0,4705081596.385095,0.06160688613076585,1082.8678779400097,4.62,6.71,1.17,12.0,27.36,5.28,2
0.5937441581030302,0.3709677419354839,0.4008308086907993,3.916844551515947e-07,2055130.4166331647,59374.41581030302,195842.22757579735,0.5638810913477148,0.64,0.22,0.16,0.35,0.52,31.0,4970302027.765911,0.0702943063811189,1116.300697182045,7.04,2.42,3.04,7.68,16.799999999999997,24.96,2
0.6208130928425803,0.3709677419354839,0.43403166251921116,3.9204143485737477e-07,1970900.824717524,62081.30928425804,196020.71742868738,0.557749172258853,0.75,0.25,0.16,0.35,0.52,12.0,5381992615.238218,0.07445742320990793,1117.318089343518,8.25,2.75,1.5,7.68,16.799999999999997,24.96,2
0.4604894511126228,0.3709677419354839,0.348277408574332,3.911269105329965e-07,2638536.67726861,46048.94511126228,195563.45526649823,0.4604894511126228,0.46,0.14,0.34,0.31,0.29,2.0,4318639866.321716,0.0491181492572405,1114.71169501904,5.0600000000000005,1.54,5.8999999999999995,16.32,14.879999999999999,13.919999999999998,2
0.6305392116807547,0.3709677419354839,0.44742891350285074,3.9304924888191807e-07,1955503.2463261818,63053.92116807547,196524.62444095904,0.5540780401133878,0.8,0.23,0.16,0.35,0.52,24.0,5548118527.435349,0.07549823482020358,1120.1903593134666,8.8,2.5300000000000002,1.169999999999999,7.68,16.799999999999997,24.96,2
0.4785054137439387,0.3709677419354839,0.37983131071337467,3.8952376295664107e-07,2508099.3986622235,47850.54137439387,194761.88147832055,0.4696418449660479,0.47,0.43,0.51,0.13,0.27,16.0,4709908252.845846,0.052653174982699294,1110.142724426427,5.17,4.7299999999999995,2.6000000000000005,24.48,6.24,12.96,2
0.5921914497022576,0.3709677419354839,0.4091763727642652,3.910904137566346e-07,2051157.968894483,59219.14497022575,195545.2068783173,0.5539828188734762,0.47,0.43,0.16,0.35,0.52,32.0,5073787022.276889,0.07033405512580325,1114.6076792064086,5.17,4.7299999999999995,2.6000000000000005,7.68,16.799999999999997,24.96,2
0.5216251538284106,0.3709677419354839,0.3837063926892139,3.880909192950757e-07,2275472.7873238674,52162.51538284106,194045.45964753785,0.5088865030746805,0.75,0.25,0.51,0.13,0.27,33.0,4757959269.346252,0.06027698539333023,1106.0591199909659,8.25,2.75,1.5,24.48,6.24,12.96,2
0.36846978956916704,0.3709677419354839,0.32905985522971143,3.80231121153356e-07,3029499.064362143,36846.978956916704,190115.560576678,0.36846978956916704,0.26,0.22,0.25,0.57,0.11,34.0,4080342204.8484216,0.037754784384363735,1083.6586952870646,2.8600000000000003,2.42,7.220000000000001,12.0,27.36,5.28,2
0.6179231559961704,0.3709677419354839,0.405721067724217,3.9326108973537785e-07,1998656.6523608365,61792.31559961704,196630.54486768894,0.5831698302074373,0.81,0.23,0.17,0.34,0.49,35.0,5030941239.780291,0.07338135261272949,1120.794105745827,8.91,2.5300000000000002,1.0599999999999996,8.16,16.32,23.52,2
0.535401062485564,0.3709677419354839,0.4800085700258188,3.948418438311515e-07,2334640.4934083675,53540.106248556396,197420.92191557577,0.426360234395229,0.42,0.23,0.25,0.19,0.53,36.0,5952106268.320153,0.05956159416106022,1125.299254918782,4.62,2.5300000000000002,5.35,12.0,9.120000000000001,25.44,2
0.578784779407236,0.3709677419354839,0.39048171617562566,3.917966101263994e-07,2110059.244664484,57878.477940723606,195898.3050631997,0.5592708051670943,0.64,0.22,0.17,0.34,0.49,37.0,4841973280.577758,0.06784019183752778,1116.6203388602382,7.04,2.42,3.04,8.16,16.32,23.52,2
0.47982355848324254,0.3709677419354839,0.3708448686040824,3.80429646505005e-07,2330082.094823325,47982.35584832425,190214.8232525025,0.47982355848324254,0.64,0.22,0.25,0.57,0.11,20.0,4598476370.690621,0.05663438690640866,1084.2244925392642,7.04,2.42,3.04,12.0,27.36,5.28,2
0.5689886535751647,0.3709677419354839,0.4563860743028572,3.9318497697594356e-07,2169286.2815139843,56898.86535751647,196592.48848797177,0.48357032120779136,0.64,0.22,0.25,0.19,0.53,19.0,5659187321.35543,0.06562542374571524,1120.577184381439,7.04,2.42,3.04,12.0,9.120000000000001,25.44,2
0.6129660415270799,0.3709677419354839,0.41053293859599616,3.917790915444326e-07,1992127.258954932,61296.60415270799,195889.5457722163,0.5734008448665676,0.42,0.61,0.16,0.35,0.52,22.0,5090608438.590352,0.07333184345611522,1116.570410901633,4.62,6.71,1.17,7.68,16.799999999999997,24.96,2
0.6129660415270799,0.3709677419354839,0.41053293859599616,3.917790915444326e-07,1992127.258954932,61296.60415270799,195889.5457722163,0.5734008448665676,0.42,0.61,0.16,0.35,0.52,22.0,5090608438.590352,0.07333184345611522,1116.570410901633,4.62,6.71,1.17,7.68,16.799999999999997,24.96,2
0.6179231559961704,0.3709677419354839,0.405721067724217,3.9326108973537785e-07,1998656.6523608365,61792.31559961704,196630.54486768894,0.5831698302074373,0.81,0.23,0.17,0.34,0.49,35.0,5030941239.780291,0.07338135261272949,1120.794105745827,8.91,2.5300000000000002,1.0599999999999996,8.16,16.32,23.52,3
0.6129660415270799,0.3709677419354839,0.41053293859599616,3.917790915444326e-07,1992127.258954932,61296.60415270799,195889.5457722163,0.5734008448665676,0.42,0.61,0.16,0.35,0.52,22.0,5090608438.590352,0.07333184345611522,1116.570410901633,4.62,6.71,1.17,7.68,16.799999999999997,24.96,3
0.6129660415270799,0.3709677419354839,0.41053293859599616,3.917790915444326e-07,1992127.258954932,61296.60415270799,195889.5457722163,0.5734008448665676,0.42,0.61,0.16,0.35,0.52,22.0,5090608438.590352,0.07333184345611522,1116.570410901633,4.62,6.71,1.17,7.68,16.799999999999997,24.96,3
0.6129660415270799,0.3709677419354839,0.41053293859599616,3.917790915444326e-07,1992127.258954932,61296.60415270799,195889.5457722163,0.5734008448665676,0.42,0.61,0.16,0.35,0.52,22.0,5090608438.590352,0.07333184345611522,1116.570410901633,4.62,6.71,1.17,7.68,16.799999999999997,24.96,3
0.6129660415270799,0.3709677419354839,0.41053293859599616,3.917790915444326e-07,1992127.258954932,61296.60415270799,195889.5457722163,0.5734008448665676,0.42,0.61,0.16,0.35,0.52,22.0,5090608438.590352,0.07333184345611522,1116.570410901633,4.62,6.71,1.17,7.68,16.799999999999997,24.96,3
0.6129660415270799,0.3709677419354839,0.41053293859599616,3.917790915444326e-07,1992127.258954932,61296.60415270799,195889.5457722163,0.5734008448665676,0.42,0.61,0.16,0.35,0.52,22.0,5090608438.590352,0.07333184345611522,1116.570410901633,4.62,6.71,1.17,7.68,16.799999999999997,24.96,3
0.5937441581030302,0.3709677419354839,0.4008308086907993,3.916844551515947e-07,2055130.4166331647,59374.41581030302,195842.22757579735,0.5638810913477148,0.64,0.22,0.16,0.35,0.52,31.0,4970302027.765911,0.0702943063811189,1116.300697182045,7.04,2.42,3.04,7.68,16.799999999999997,24.96,3
0.600271335068684,0.3709677419354839,0.42843643293484196,3.9033114417802763e-07,2011785.7969659679,60027.1335068684,195165.57208901382,0.5428026440693259,0.75,0.25,0.17,0.34,0.49,38.0,5312611768.39204,0.07201110942494406,1112.4437609073789,8.25,2.75,1.5,8.16,16.32,23.52,3
0.5937441581030302,0.3709677419354839,0.4008308086907993,3.916844551515947e-07,2055130.4166331647,59374.41581030302,195842.22757579735,0.5638810913477148,0.64,0.22,0.16,0.35,0.52,31.0,4970302027.765911,0.0702943063811189,1116.300697182045,7.04,2.42,3.04,7.68,16.799999999999997,24.96,3
0.6208130928425803,0.3709677419354839,0.43403166251921116,3.9204143485737477e-07,1970900.824717524,62081.30928425804,196020.71742868738,0.557749172258853,0.75,0.25,0.16,0.35,0.52,12.0,5381992615.238218,0.07445742320990793,1117.318089343518,8.25,2.75,1.5,7.68,16.799999999999997,24.96,3
0.5954727414019574,0.3709677419354839,0.4106408711700712,3.9109669374822165e-07,2039953.5398839207,59547.27414019574,195548.34687411084,0.5557996121673701,0.34,0.61,0.16,0.35,0.52,39.0,5091946802.5088825,0.0708592159335345,1114.625577182432,3.74,6.71,2.05,7.68,16.799999999999997,24.96,3
0.6305392116807547,0.3709677419354839,0.44742891350285074,3.9304924888191807e-07,1955503.2463261818,63053.92116807547,196524.62444095904,0.5540780401133878,0.8,0.23,0.16,0.35,0.52,24.0,5548118527.435349,0.07549823482020358,1120.1903593134666,8.8,2.5300000000000002,1.169999999999999,7.68,16.799999999999997,24.96,3
0.6129660415270799,0.3709677419354839,0.41053293859599616,3.917790915444326e-07,1992127.258954932,61296.60415270799,195889.5457722163,0.5734008448665676,0.42,0.61,0.16,0.35,0.52,22.0,5090608438.590352,0.07333184345611522,1116.570410901633,4.62,6.71,1.17,7.68,16.799999999999997,24.96,3
0.5479108669116313,0.3709677419354839,0.5110071592178832,3.942421481497433e-07,2270957.3202115516,54791.086691163124,197121.07407487163,0.40787144962923194,0.81,0.23,0.17,0.18,0.49,40.0,6336488774.301751,0.06180087129797259,1123.5901222267682,8.91,2.5300000000000002,1.0599999999999996,8.16,8.64,23.52,3
0.5937441581030302,0.3709677419354839,0.4008308086907993,3.916844551515947e-07,2055130.4166331647,59374.41581030302,195842.22757579735,0.5638810913477148,0.64,0.22,0.16,0.35,0.52,31.0,4970302027.765911,0.0702943063811189,1116.300697182045,7.04,2.42,3.04,7.68,16.799999999999997,24.96,3
0.5937441581030302,0.3709677419354839,0.4008308086907993,3.916844551515947e-07,2055130.4166331647,59374.41581030302,195842.22757579735,0.5638810913477148,0.64,0.22,0.16,0.35,0.52,31.0,4970302027.765911,0.0702943063811189,1116.300697182045,7.04,2.42,3.04,7.68,16.799999999999997,24.96,3
0.5937441581030302,0.3709677419354839,0.4008308086907993,3.916844551515947e-07,2055130.4166331647,59374.41581030302,195842.22757579735,0.5638810913477148,0.64,0.22,0.16,0.35,0.52,31.0,4970302027.765911,0.0702943063811189,1116.300697182045,7.04,2.42,3.04,7.68,16.799999999999997,24.96,3
0.578784779407236,0.3709677419354839,0.39048171617562566,3.917966101263994e-07,2110059.244664484,57878.477940723606,195898.3050631997,0.5592708051670943,0.64,0.22,0.17,0.34,0.49,37.0,4841973280.577758,0.06784019183752778,1116.6203388602382,7.04,2.42,3.04,8.16,16.32,23.52,3
0.5937441581030302,0.3709677419354839,0.4008308086907993,3.916844551515947e-07,2055130.4166331647,59374.41581030302,195842.22757579735,0.5638810913477148,0.64,0.22,0.16,0.35,0.52,31.0,4970302027.765911,0.0702943063811189,1116.300697182045,7.04,2.42,3.04,7.68,16.799999999999997,24.96,3
0.5945427120772518,0.3709677419354839,0.41474727219344126,3.9097466547703714e-07,2041232.7093989255,59454.271207725185,195487.33273851857,0.5507631818192944,0.42,0.61,0.17,0.34,0.49,41.0,5142866175.198671,0.07076925347041053,1114.277796609556,4.62,6.71,1.17,8.16,16.32,23.52,3
0.6179231559961704,0.3709677419354839,0.405721067724217,3.9326108973537785e-07,1998656.6523608365,61792.31559961704,196630.54486768894,0.5831698302074373,0.81,0.23,0.17,0.34,0.49,35.0,5030941239.780291,0.07338135261272949,1120.794105745827,8.91,2.5300000000000002,1.0599999999999996,8.16,16.32,23.52,4
0.6129660415270799,0.3709677419354839,0.41053293859599616,3.917790915444326e-07,1992127.258954932,61296.60415270799,195889.5457722163,0.5734008448665676,0.42,0.61,0.16,0.35,0.52,22.0,5090608438.590352,0.07333184345611522,1116.570410901633,4.62,6.71,1.17,7.68,16.799999999999997,24.96,4
0.6129660415270799,0.3709677419354839,0.41053293859599616,3.917790915444326e-07,1992127.258954932,61296.60415270799,195889.5457722163,0.5734008448665676,0.42,0.61,0.16,0.35,0.52,22.0,5090608438.590352,0.07333184345611522,1116.570410901633,4.62,6.71,1.17,7.68,16.799999999999997,24.96,4
0.6129660415270799,0.3709677419354839,0.41053293859599616,3.917790915444326e-07,1992127.258954932,61296.60415270799,195889.5457722163,0.5734008448665676,0.42,0.61,0.16,0.35,0.52,22.0,5090608438.590352,0.07333184345611522,1116.570410901633,4.62,6.71,1.17,7.68,16.799999999999997,24.96,4
0.5937441581030302,0.3709677419354839,0.4008308086907993,3.916844551515947e-07,2055130.4166331647,59374.41581030302,195842.22757579735,0.5638810913477148,0.64,0.22,0.16,0.35,0.52,31.0,4970302027.765911,0.0702943063811189,1116.300697182045,7.04,2.42,3.04,7.68,16.799999999999997,24.96,4
0.6129660415270799,0.3709677419354839,0.41053293859599616,3.917790915444326e-07,1992127.258954932,61296.60415270799,195889.5457722163,0.5734008448665676,0.42,0.61,0.16,0.35,0.52,22.0,5090608438.590352,0.07333184345611522,1116.570410901633,4.62,6.71,1.17,7.68,16.799999999999997,24.96,4
0.5779804682803688,0.3709677419354839,0.4439604460597399,3.9190721423146147e-07,2114785.57932196,57798.04682803687,195953.60711573073,0.5049877641561127,0.42,0.61,0.17,0.34,0.45,42.0,5505109531.140775,0.06765885347041052,1116.9355605596652,4.62,6.71,1.17,8.16,16.32,21.6,4
0.5937441581030302,0.3709677419354839,0.4008308086907993,3.916844551515947e-07,2055130.4166331647,59374.41581030302,195842.22757579735,0.5638810913477148,0.64,0.22,0.16,0.35,0.52,31.0,4970302027.765911,0.0702943063811189,1116.300697182045,7.04,2.42,3.04,7.68,16.799999999999997,24.96,4
0.5937441581030302,0.3709677419354839,0.4008308086907993,3.916844551515947e-07,2055130.4166331647,59374.41581030302,195842.22757579735,0.5638810913477148,0.64,0.22,0.16,0.35,0.52,31.0,4970302027.765911,0.0702943063811189,1116.300697182045,7.04,2.42,3.04,7.68,16.799999999999997,24.96,4
0.6129660415270799,0.3709677419354839,0.41053293859599616,3.917790915444326e-07,1992127.258954932,61296.60415270799,195889.5457722163,0.5734008448665676,0.42,0.61,0.16,0.35,0.52,22.0,5090608438.590352,0.07333184345611522,1116.570410901633,4.62,6.71,1.17,7.68,16.799999999999997,24.96,4
0.6129660415270799,0.3709677419354839,0.41053293859599616,3.917790915444326e-07,1992127.258954932,61296.60415270799,195889.5457722163,0.5734008448665676,0.42,0.61,0.16,0.35,0.52,22.0,5090608438.590352,0.07333184345611522,1116.570410901633,4.62,6.71,1.17,7.68,16.799999999999997,24.96,4
0.5937441581030302,0.3709677419354839,0.4008308086907993,3.916844551515947e-07,2055130.4166331647,59374.41581030302,195842.22757579735,0.5638810913477148,0.64,0.22,0.16,0.35,0.52,31.0,4970302027.765911,0.0702943063811189,1116.300697182045,7.04,2.42,3.04,7.68,16.799999999999997,24.96,4
0.578784779407236,0.3709677419354839,0.39048171617562566,3.917966101263994e-07,2110059.244664484,57878.477940723606,195898.3050631997,0.5592708051670943,0.64,0.22,0.17,0.34,0.49,37.0,4841973280.577758,0.06784019183752778,1116.6203388602382,7.04,2.42,3.04,8.16,16.32,23.52,4
0.6129660415270799,0.3709677419354839,0.41053293859599616,3.917790915444326e-07,1992127.258954932,61296.60415270799,195889.5457722163,0.5734008448665676,0.42,0.61,0.16,0.35,0.52,22.0,5090608438.590352,0.07333184345611522,1116.570410901633,4.62,6.71,1.17,7.68,16.799999999999997,24.96,4
0.6179231559961704,0.3709677419354839,0.405721067724217,3.9326108973537785e-07,1998656.6523608365,61792.31559961704,196630.54486768894,0.5831698302074373,0.81,0.23,0.17,0.34,0.49,35.0,5030941239.780291,0.07338135261272949,1120.794105745827,8.91,2.5300000000000002,1.0599999999999996,8.16,16.32,23.52,4
0.5937441581030302,0.3709677419354839,0.4008308086907993,3.916844551515947e-07,2055130.4166331647,59374.41581030302,195842.22757579735,0.5638810913477148,0.64,0.22,0.16,0.35,0.52,31.0,4970302027.765911,0.0702943063811189,1116.300697182045,7.04,2.42,3.04,7.68,16.799999999999997,24.96,4
0.6129660415270799,0.3709677419354839,0.41053293859599616,3.917790915444326e-07,1992127.258954932,61296.60415270799,195889.5457722163,0.5734008448665676,0.42,0.61,0.16,0.35,0.52,22.0,5090608438.590352,0.07333184345611522,1116.570410901633,4.62,6.71,1.17,7.68,16.799999999999997,24.96,4
0.6129660415270799,0.3709677419354839,0.41053293859599616,3.917790915444326e-07,1992127.258954932,61296.60415270799,195889.5457722163,0.5734008448665676,0.42,0.61,0.16,0.35,0.52,22.0,5090608438.590352,0.07333184345611522,1116.570410901633,4.62,6.71,1.17,7.68,16.799999999999997,24.96,4
0.6129660415270799,0.3709677419354839,0.41053293859599616,3.917790915444326e-07,1992127.258954932,61296.60415270799,195889.5457722163,0.5734008448665676,0.42,0.61,0.16,0.35,0.52,22.0,5090608438.590352,0.07333184345611522,1116.570410901633,4.62,6.71,1.17,7.68,16.799999999999997,24.96,4
0.5694274750760185,0.3709677419354839,0.40981605655518755,3.9258051953489476e-07,2157632.855648693,56942.74750760185,196290.25976744737,0.5305791604563148,0.64,0.22,0.17,0.31,0.49,43.0,5081719101.284326,0.06597481958228367,1118.85448067445,7.04,2.42,3.04,8.16,14.879999999999999,23.52,4
0.6179231559961704,0.3709677419354839,0.405721067724217,3.9326108973537785e-07,1998656.6523608365,61792.31559961704,196630.54486768894,0.5831698302074373,0.81,0.23,0.17,0.34,0.49,35.0,5030941239.780291,0.07338135261272949,1120.794105745827,8.91,2.5300000000000002,1.0599999999999996,8.16,16.32,23.52,5
0.6179231559961704,0.3709677419354839,0.405721067724217,3.9326108973537785e-07,1998656.6523608365,61792.31559961704,196630.54486768894,0.5831698302074373,0.81,0.23,0.17,0.34,0.49,35.0,5030941239.780291,0.07338135261272949,1120.794105745827,8.91,2.5300000000000002,1.0599999999999996,8.16,16.32,23.52,5
0.6129660415270799,0.3709677419354839,0.41053293859599616,3.917790915444326e-07,1992127.258954932,61296.60415270799,195889.5457722163,0.5734008448665676,0.42,0.61,0.16,0.35,0.52,22.0,5090608438.590352,0.07333184345611522,1116.570410901633,4.62,6.71,1.17,7.68,16.799999999999997,24.96,5
0.6129660415270799,0.3709677419354839,0.41053293859599616,3.917790915444326e-07,1992127.258954932,61296.60415270799,195889.5457722163,0.5734008448665676,0.42,0.61,0.16,0.35,0.52,22.0,5090608438.590352,0.07333184345611522,1116.570410901633,4.62,6.71,1.17,7.68,16.799999999999997,24.96,5
0.6129660415270799,0.3709677419354839,0.41053293859599616,3.917790915444326e-07,1992127.258954932,61296.60415270799,195889.5457722163,0.5734008448665676,0.42,0.61,0.16,0.35,0.52,22.0,5090608438.590352,0.07333184345611522,1116.570410901633,4.62,6.71,1.17,7.68,16.799999999999997,24.96,5
0.6129660415270799,0.3709677419354839,0.41053293859599616,3.917790915444326e-07,1992127.258954932,61296.60415270799,195889.5457722163,0.5734008448665676,0.42,0.61,0.16,0.35,0.52,22.0,5090608438.590352,0.07333184345611522,1116.570410901633,4.62,6.71,1.17,7.68,16.799999999999997,24.96,5
0.6129660415270799,0.3709677419354839,0.41053293859599616,3.917790915444326e-07,1992127.258954932,61296.60415270799,195889.5457722163,0.5734008448665676,0.42,0.61,0.16,0.35,0.52,22.0,5090608438.590352,0.07333184345611522,1116.570410901633,4.62,6.71,1.17,7.68,16.799999999999997,24.96,5
0.6056181197151977,0.3709677419354839,0.4287123138347299,3.9233351654038803e-07,2024869.789896926,60561.811971519775,196166.75827019403,0.5478735478159518,0.42,0.61,0.13,0.35,0.52,44.0,5316032691.550651,0.07187870264496352,1118.150522140106,4.62,6.71,1.17,6.24,16.799999999999997,24.96,5
0.6271730964935046,0.3709677419354839,0.42831255850815486,3.914020543748919e-07,1941384.7365463225,62717.30964935046,195701.02718744596,0.5698282799208336,0.81,0.23,0.16,0.35,0.52,45.0,5311075725.501121,0.07580486546710645,1115.495854968442,8.91,2.5300000000000002,1.0599999999999996,7.68,16.799999999999997,24.96,5
0.5945427120772518,0.3709677419354839,0.41474727219344126,3.9097466547703714e-07,2041232.7093989255,59454.271207725185,195487.33273851857,0.5507631818192944,0.42,0.61,0.17,0.34,0.49,41.0,5142866175.198671,0.07076925347041053,1114.277796609556,4.62,6.71,1.17,8.16,16.32,23.52,5
0.6129660415270799,0.3709677419354839,0.41053293859599616,3.917790915444326e-07,1992127.258954932,61296.60415270799,195889.5457722163,0.5734008448665676,0.42,0.61,0.16,0.35,0.52,22.0,5090608438.590352,0.07333184345611522,1116.570410901633,4.62,6.71,1.17,7.68,16.799999999999997,24.96,5
0.6129660415270799,0.3709677419354839,0.41053293859599616,3.917790915444326e-07,1992127.258954932,61296.60415270799,195889.5457722163,0.5734008448665676,0.42,0.61,0.16,0.35,0.52,22.0,5090608438.590352,0.07333184345611522,1116.570410901633,4.62,6.71,1.17,7.68,16.799999999999997,24.96,5
0.6129660415270799,0.3709677419354839,0.41053293859599616,3.917790915444326e-07,1992127.258954932,61296.60415270799,195889.5457722163,0.5734008448665676,0.42,0.61,0.16,0.35,0.52,22.0,5090608438.590352,0.07333184345611522,1116.570410901633,4.62,6.71,1.17,7.68,16.799999999999997,24.96,5
0.6129660415270799,0.3709677419354839,0.41053293859599616,3.917790915444326e-07,1992127.258954932,61296.60415270799,195889.5457722163,0.5734008448665676,0.42,0.61,0.16,0.35,0.52,22.0,5090608438.590352,0.07333184345611522,1116.570410901633,4.62,6.71,1.17,7.68,16.799999999999997,24.96,5
0.6129660415270799,0.3709677419354839,0.41053293859599616,3.917790915444326e-07,1992127.258954932,61296.60415270799,195889.5457722163,0.5734008448665676,0.42,0.61,0.16,0.35,0.52,22.0,5090608438.590352,0.07333184345611522,1116.570410901633,4.62,6.71,1.17,7.68,16.799999999999997,24.96,5
0.6129660415270799,0.3709677419354839,0.41053293859599616,3.917790915444326e-07,1992127.258954932,61296.60415270799,195889.5457722163,0.5734008448665676,0.42,0.61,0.16,0.35,0.52,22.0,5090608438.590352,0.07333184345611522,1116.570410901633,4.62,6.71,1.17,7.68,16.799999999999997,24.96,5
0.4729175766577779,0.3709677419354839,0.44524754444413717,3.9199581361260787e-07,2586357.5285393666,47291.75766577779,195997.90680630394,0.3986377741491246,0.42,0.61,0.16,0.35,0.23,46.0,5521069551.107301,0.05078144345611523,1117.1880687959326,4.62,6.71,1.17,7.68,16.799999999999997,11.040000000000001,5
0.6129660415270799,0.3709677419354839,0.41053293859599616,3.917790915444326e-07,1992127.258954932,61296.60415270799,195889.5457722163,0.5734008448665676,0.42,0.61,0.16,0.35,0.52,22.0,5090608438.590352,0.07333184345611522,1116.570410901633,4.62,6.71,1.17,7.68,16.799999999999997,24.96,5
0.6179231559961704,0.3709677419354839,0.405721067724217,3.9326108973537785e-07,1998656.6523608365,61792.31559961704,196630.54486768894,0.5831698302074373,0.81,0.23,0.17,0.34,0.49,35.0,5030941239.780291,0.07338135261272949,1120.794105745827,8.91,2.5300000000000002,1.0599999999999996,8.16,16.32,23.52,5
0.6179231559961704,0.3709677419354839,0.405721067724217,3.9326108973537785e-07,1998656.6523608365,61792.31559961704,196630.54486768894,0.5831698302074373,0.81,0.23,0.17,0.34,0.49,35.0,5030941239.780291,0.07338135261272949,1120.794105745827,8.91,2.5300000000000002,1.0599999999999996,8.16,16.32,23.52,5
0.6179231559961704,0.3709677419354839,0.405721067724217,3.9326108973537785e-07,1998656.6523608365,61792.31559961704,196630.54486768894,0.5831698302074373,0.81,0.23,0.17,0.34,0.49,35.0,5030941239.780291,0.07338135261272949,1120.794105745827,8.91,2.5300000000000002,1.0599999999999996,8.16,16.32,23.52,6
0.6179231559961704,0.3709677419354839,0.405721067724217,3.9326108973537785e-07,1998656.6523608365,61792.31559961704,196630.54486768894,0.5831698302074373,0.81,0.23,0.17,0.34,0.49,35.0,5030941239.780291,0.07338135261272949,1120.794105745827,8.91,2.5300000000000002,1.0599999999999996,8.16,16.32,23.52,6
0.6179231559961704,0.3709677419354839,0.405721067724217,3.9326108973537785e-07,1998656.6523608365,61792.31559961704,196630.54486768894,0.5831698302074373,0.81,0.23,0.17,0.34,0.49,35.0,5030941239.780291,0.07338135261272949,1120.794105745827,8.91,2.5300000000000002,1.0599999999999996,8.16,16.32,23.52,6
0.6179231559961704,0.3709677419354839,0.405721067724217,3.9326108973537785e-07,1998656.6523608365,61792.31559961704,196630.54486768894,0.5831698302074373,0.81,0.23,0.17,0.34,0.49,35.0,5030941239.780291,0.07338135261272949,1120.794105745827,8.91,2.5300000000000002,1.0599999999999996,8.16,16.32,23.52,6
0.6129660415270799,0.3709677419354839,0.41053293859599616,3.917790915444326e-07,1992127.258954932,61296.60415270799,195889.5457722163,0.5734008448665676,0.42,0.61,0.16,0.35,0.52,22.0,5090608438.590352,0.07333184345611522,1116.570410901633,4.62,6.71,1.17,7.68,16.799999999999997,24.96,6
0.6129660415270799,0.3709677419354839,0.41053293859599616,3.917790915444326e-07,1992127.258954932,61296.60415270799,195889.5457722163,0.5734008448665676,0.42,0.61,0.16,0.35,0.52,22.0,5090608438.590352,0.07333184345611522,1116.570410901633,4.62,6.71,1.17,7.68,16.799999999999997,24.96,6
0.5372478121145218,0.3709677419354839,0.3987161253482008,3.9306768393496696e-07,2295393.2089581187,53724.78121145217,196533.8419674835,0.5094994287018049,0.4,0.23,0.17,0.34,0.49,47.0,4944079954.31769,0.06062099129703812,1120.2428992146558,4.4,2.5300000000000002,5.569999999999999,8.16,16.32,23.52,6
0.6129660415270799,0.3709677419354839,0.41053293859599616,3.917790915444326e-07,1992127.258954932,61296.60415270799,195889.5457722163,0.5734008448665676,0.42,0.61,0.16,0.35,0.52,22.0,5090608438.590352,0.07333184345611522,1116.570410901633,4.62,6.71,1.17,7.68,16.799999999999997,24.96,6
0.6179231559961704,0.3709677419354839,0.405721067724217,3.9326108973537785e-07,1998656.6523608365,61792.31559961704,196630.54486768894,0.5831698302074373,0.81,0.23,0.17,0.34,0.49,35.0,5030941239.780291,0.07338135261272949,1120.794105745827,8.91,2.5300000000000002,1.0599999999999996,8.16,16.32,23.52,6
0.6129660415270799,0.3709677419354839,0.41053293859599616,3.917790915444326e-07,1992127.258954932,61296.60415270799,195889.5457722163,0.5734008448665676,0.42,0.61,0.16,0.35,0.52,22.0,5090608438.590352,0.07333184345611522,1116.570410901633,4.62,6.71,1.17,7.68,16.799999999999997,24.96,6
0.6129660415270799,0.3709677419354839,0.41053293859599616,3.917790915444326e-07,1992127.258954932,61296.60415270799,195889.5457722163,0.5734008448665676,0.42,0.61,0.16,0.35,0.52,22.0,5090608438.590352,0.07333184345611522,1116.570410901633,4.62,6.71,1.17,7.68,16.799999999999997,24.96,6
0.6184725847914937,0.3709677419354839,0.4102846430038243,3.92354449873576e-07,1983101.864771811,61847.258479149365,196177.224936788,0.5791556837231533,0.81,0.23,0.13,0.35,0.52,48.0,5087529573.247421,0.07392443168034711,1118.2101821396916,8.91,2.5300000000000002,1.0599999999999996,6.24,16.799999999999997,24.96,6
0.6271730964935046,0.3709677419354839,0.42831255850815486,3.914020543748919e-07,1941384.7365463225,62717.30964935046,195701.02718744596,0.5698282799208336,0.81,0.23,0.16,0.35,0.52,45.0,5311075725.501121,0.07580486546710645,1115.495854968442,8.91,2.5300000000000002,1.0599999999999996,7.68,16.799999999999997,24.96,6
0.5945427120772518,0.3709677419354839,0.41474727219344126,3.9097466547703714e-07,2041232.7093989255,59454.271207725185,195487.33273851857,0.5507631818192944,0.42,0.61,0.17,0.34,0.49,41.0,5142866175.198671,0.07076925347041053,1114.277796609556,4.62,6.71,1.17,8.16,16.32,23.52,6
0.5945427120772518,0.3709677419354839,0.41474727219344126,3.9097466547703714e-07,2041232.7093989255,59454.271207725185,195487.33273851857,0.5507631818192944,0.42,0.61,0.17,0.34,0.49,41.0,5142866175.198671,0.07076925347041053,1114.277796609556,4.62,6.71,1.17,8.16,16.32,23.52,6
0.6271730964935046,0.3709677419354839,0.42831255850815486,3.914020543748919e-07,1941384.7365463225,62717.30964935046,195701.02718744596,0.5698282799208336,0.81,0.23,0.16,0.35,0.52,45.0,5311075725.501121,0.07580486546710645,1115.495854968442,8.91,2.5300000000000002,1.0599999999999996,7.68,16.799999999999997,24.96,6
0.6271730964935046,0.3709677419354839,0.42831255850815486,3.914020543748919e-07,1941384.7365463225,62717.30964935046,195701.02718744596,0.5698282799208336,0.81,0.23,0.16,0.35,0.52,45.0,5311075725.501121,0.07580486546710645,1115.495854968442,8.91,2.5300000000000002,1.0599999999999996,7.68,16.799999999999997,24.96,6
0.5945427120772518,0.3709677419354839,0.41474727219344126,3.9097466547703714e-07,2041232.7093989255,59454.271207725185,195487.33273851857,0.5507631818192944,0.42,0.61,0.17,0.34,0.49,41.0,5142866175.198671,0.07076925347041053,1114.277796609556,4.62,6.71,1.17,8.16,16.32,23.52,6
0.6271730964935046,0.3709677419354839,0.42831255850815486,3.914020543748919e-07,1941384.7365463225,62717.30964935046,195701.02718744596,0.5698282799208336,0.81,0.23,0.16,0.35,0.52,45.0,5311075725.501121,0.07580486546710645,1115.495854968442,8.91,2.5300000000000002,1.0599999999999996,7.68,16.799999999999997,24.96,6
0.5945427120772518,0.3709677419354839,0.41474727219344126,3.9097466547703714e-07,2041232.7093989255,59454.271207725185,195487.33273851857,0.5507631818192944,0.42,0.61,0.17,0.34,0.49,41.0,5142866175.198671,0.07076925347041053,1114.277796609556,4.62,6.71,1.17,8.16,16.32,23.52,6
0.6179231559961704,0.3709677419354839,0.405721067724217,3.9326108973537785e-07,1998656.6523608365,61792.31559961704,196630.54486768894,0.5831698302074373,0.81,0.23,0.17,0.34,0.49,35.0,5030941239.780291,0.07338135261272949,1120.794105745827,8.91,2.5300000000000002,1.0599999999999996,8.16,16.32,23.52,7
0.6179231559961704,0.3709677419354839,0.405721067724217,3.9326108973537785e-07,1998656.6523608365,61792.31559961704,196630.54486768894,0.5831698302074373,0.81,0.23,0.17,0.34,0.49,35.0,5030941239.780291,0.07338135261272949,1120.794105745827,8.91,2.5300000000000002,1.0599999999999996,8.16,16.32,23.52,7
0.6179231559961704,0.3709677419354839,0.405721067724217,3.9326108973537785e-07,1998656.6523608365,61792.31559961704,196630.54486768894,0.5831698302074373,0.81,0.23,0.17,0.34,0.49,35.0,5030941239.780291,0.07338135261272949,1120.794105745827,8.91,2.5300000000000002,1.0599999999999996,8.16,16.32,23.52,7
0.6179231559961704,0.3709677419354839,0.405721067724217,3.9326108973537785e-07,1998656.6523608365,61792.31559961704,196630.54486768894,0.5831698302074373,0.81,0.23,0.17,0.34,0.49,35.0,5030941239.780291,0.07338135261272949,1120.794105745827,8.91,2.5300000000000002,1.0599999999999996,8.16,16.32,23.52,7
0.6271730964935046,0.3709677419354839,0.42831255850815486,3.914020543748919e-07,1941384.7365463225,62717.30964935046,195701.02718744596,0.5698282799208336,0.81,0.23,0.16,0.35,0.52,45.0,5311075725.501121,0.07580486546710645,1115.495854968442,8.91,2.5300000000000002,1.0599999999999996,7.68,16.799999999999997,24.96,7
0.6179231559961704,0.3709677419354839,0.405721067724217,3.9326108973537785e-07,1998656.6523608365,61792.31559961704,196630.54486768894,0.5831698302074373,0.81,0.23,0.17,0.34,0.49,35.0,5030941239.780291,0.07338135261272949,1120.794105745827,8.91,2.5300000000000002,1.0599999999999996,8.16,16.32,23.52,7
0.6271730964935046,0.3709677419354839,0.42831255850815486,3.914020543748919e-07,1941384.7365463225,62717.30964935046,195701.02718744596,0.5698282799208336,0.81,0.23,0.16,0.35,0.52,45.0,5311075725.501121,0.07580486546710645,1115.495854968442,8.91,2.5300000000000002,1.0599999999999996,7.68,16.799999999999997,24.96,7
0.6184725847914937,0.3709677419354839,0.4102846430038243,3.92354449873576e-07,1983101.864771811,61847.258479149365,196177.224936788,0.5791556837231533,0.81,0.23,0.13,0.35,0.52,48.0,5087529573.247421,0.07392443168034711,1118.2101821396916,8.91,2.5300000000000002,1.0599999999999996,6.24,16.799999999999997,24.96,7
0.6179231559961704,0.3709677419354839,0.405721067724217,3.9326108973537785e-07,1998656.6523608365,61792.31559961704,196630.54486768894,0.5831698302074373,0.81,0.23,0.17,0.34,0.49,35.0,5030941239.780291,0.07338135261272949,1120.794105745827,8.91,2.5300000000000002,1.0599999999999996,8.16,16.32,23.52,7
0.6129660415270799,0.3709677419354839,0.41053293859599616,3.917790915444326e-07,1992127.258954932,61296.60415270799,195889.5457722163,0.5734008448665676,0.42,0.61,0.16,0.35,0.52,22.0,5090608438.590352,0.07333184345611522,1116.570410901633,4.62,6.71,1.17,7.68,16.799999999999997,24.96,7
0.6169352617228824,0.3709677419354839,0.38886919942766507,3.9152120202295117e-07,1975404.2833731517,61693.52617228824,195760.60101147558,0.5990338042307012,0.81,0.23,0.17,0.35,0.49,49.0,4821978072.903047,0.07409900604103156,1115.8354257654107,8.91,2.5300000000000002,1.0599999999999996,8.16,16.799999999999997,23.52,7
0.6179231559961704,0.3709677419354839,0.405721067724217,3.9326108973537785e-07,1998656.6523608365,61792.31559961704,196630.54486768894,0.5831698302074373,0.81,0.23,0.17,0.34,0.49,35.0,5030941239.780291,0.07338135261272949,1120.794105745827,8.91,2.5300000000000002,1.0599999999999996,8.16,16.32,23.52,7
0.6271730964935046,0.3709677419354839,0.42831255850815486,3.914020543748919e-07,1941384.7365463225,62717.30964935046,195701.02718744596,0.5698282799208336,0.81,0.23,0.16,0.35,0.52,45.0,5311075725.501121,0.07580486546710645,1115.495854968442,8.91,2.5300000000000002,1.0599999999999996,7.68,16.799999999999997,24.96,7
0.6179231559961704,0.3709677419354839,0.405721067724217,3.9326108973537785e-07,1998656.6523608365,61792.31559961704,196630.54486768894,0.5831698302074373,0.81,0.23,0.17,0.34,0.49,35.0,5030941239.780291,0.07338135261272949,1120.794105745827,8.91,2.5300000000000002,1.0599999999999996,8.16,16.32,23.52,7
0.6179231559961704,0.3709677419354839,0.405721067724217,3.9326108973537785e-07,1998656.6523608365,61792.31559961704,196630.54486768894,0.5831698302074373,0.81,0.23,0.17,0.34,0.49,35.0,5030941239.780291,0.07338135261272949,1120.794105745827,8.91,2.5300000000000002,1.0599999999999996,8.16,16.32,23.52,7
0.6271730964935046,0.3709677419354839,0.42831255850815486,3.914020543748919e-07,1941384.7365463225,62717.30964935046,195701.02718744596,0.5698282799208336,0.81,0.23,0.16,0.35,0.52,45.0,5311075725.501121,0.07580486546710645,1115.495854968442,8.91,2.5300000000000002,1.0599999999999996,7.68,16.799999999999997,24.96,7
0.6179231559961704,0.3709677419354839,0.405721067724217,3.9326108973537785e-07,1998656.6523608365,61792.31559961704,196630.54486768894,0.5831698302074373,0.81,0.23,0.17,0.34,0.49,35.0,5030941239.780291,0.07338135261272949,1120.794105745827,8.91,2.5300000000000002,1.0599999999999996,8.16,16.32,23.52,7
0.6179231559961704,0.3709677419354839,0.405721067724217,3.9326108973537785e-07,1998656.6523608365,61792.31559961704,196630.54486768894,0.5831698302074373,0.81,0.23,0.17,0.34,0.49,35.0,5030941239.780291,0.07338135261272949,1120.794105745827,8.91,2.5300000000000002,1.0599999999999996,8.16,16.32,23.52,7
0.6184725847914937,0.3709677419354839,0.4102846430038243,3.92354449873576e-07,1983101.864771811,61847.258479149365,196177.224936788,0.5791556837231533,0.81,0.23,0.13,0.35,0.52,48.0,5087529573.247421,0.07392443168034711,1118.2101821396916,8.91,2.5300000000000002,1.0599999999999996,6.24,16.799999999999997,24.96,7
0.6179231559961704,0.3709677419354839,0.405721067724217,3.9326108973537785e-07,1998656.6523608365,61792.31559961704,196630.54486768894,0.5831698302074373,0.81,0.23,0.17,0.34,0.49,35.0,5030941239.780291,0.07338135261272949,1120.794105745827,8.91,2.5300000000000002,1.0599999999999996,8.16,16.32,23.52,7
0.6169352617228824,0.3709677419354839,0.38886919942766507,3.9152120202295117e-07,1975404.2833731517,61693.52617228824,195760.60101147558,0.5990338042307012,0.81,0.23,0.17,0.35,0.49,49.0,4821978072.903047,0.07409900604103156,1115.8354257654107,8.91,2.5300000000000002,1.0599999999999996,8.16,16.799999999999997,23.52,8
0.6179231559961704,0.3709677419354839,0.405721067724217,3.9326108973537785e-07,1998656.6523608365,61792.31559961704,196630.54486768894,0.5831698302074373,0.81,0.23,0.17,0.34,0.49,35.0,5030941239.780291,0.07338135261272949,1120.794105745827,8.91,2.5300000000000002,1.0599999999999996,8.16,16.32,23.52,8
0.6179231559961704,0.3709677419354839,0.405721067724217,3.9326108973537785e-07,1998656.6523608365,61792.31559961704,196630.54486768894,0.5831698302074373,0.81,0.23,0.17,0.34,0.49,35.0,5030941239.780291,0.07338135261272949,1120.794105745827,8.91,2.5300000000000002,1.0599999999999996,8.16,16.32,23.52,8
0.6179231559961704,0.3709677419354839,0.405721067724217,3.9326108973537785e-07,1998656.6523608365,61792.31559961704,196630.54486768894,0.5831698302074373,0.81,0.23,0.17,0.34,0.49,35.0,5030941239.780291,0.07338135261272949,1120.794105745827,8.91,2.5300000000000002,1.0599999999999996,8.16,16.32,23.52,8
0.6179231559961704,0.3709677419354839,0.405721067724217,3.9326108973537785e-07,1998656.6523608365,61792.31559961704,196630.54486768894,0.5831698302074373,0.81,0.23,0.17,0.34,0.49,35.0,5030941239.780291,0.07338135261272949,1120.794105745827,8.91,2.5300000000000002,1.0599999999999996,8.16,16.32,23.52,8
0.6179231559961704,0.3709677419354839,0.405721067724217,3.9326108973537785e-07,1998656.6523608365,61792.31559961704,196630.54486768894,0.5831698302074373,0.81,0.23,0.17,0.34,0.49,35.0,5030941239.780291,0.07338135261272949,1120.794105745827,8.91,2.5300000000000002,1.0599999999999996,8.16,16.32,23.52,8
0.6179231559961704,0.3709677419354839,0.405721067724217,3.9326108973537785e-07,1998656.6523608365,61792.31559961704,196630.54486768894,0.5831698302074373,0.81,0.23,0.17,0.34,0.49,35.0,5030941239.780291,0.07338135261272949,1120.794105745827,8.91,2.5300000000000002,1.0599999999999996,8.16,16.32,23.52,8
0.6179231559961704,0.3709677419354839,0.405721067724217,3.9326108973537785e-07,1998656.6523608365,61792.31559961704,196630.54486768894,0.5831698302074373,0.81,0.23,0.17,0.34,0.49,35.0,5030941239.780291,0.07338135261272949,1120.794105745827,8.91,2.5300000000000002,1.0599999999999996,8.16,16.32,23.52,8
0.6179231559961704,0.3709677419354839,0.405721067724217,3.9326108973537785e-07,1998656.6523608365,61792.31559961704,196630.54486768894,0.5831698302074373,0.81,0.23,0.17,0.34,0.49,35.0,5030941239.780291,0.07338135261272949,1120.794105745827,8.91,2.5300000000000002,1.0599999999999996,8.16,16.32,23.52,8
0.6179231559961704,0.3709677419354839,0.405721067724217,3.9326108973537785e-07,1998656.6523608365,61792.31559961704,196630.54486768894,0.5831698302074373,0.81,0.23,0.17,0.34,0.49,35.0,5030941239.780291,0.07338135261272949,1120.794105745827,8.91,2.5300000000000002,1.0599999999999996,8.16,16.32,23.52,8
0.6179231559961704,0.3709677419354839,0.405721067724217,3.9326108973537785e-07,1998656.6523608365,61792.31559961704,196630.54486768894,0.5831698302074373,0.81,0.23,0.17,0.34,0.49,35.0,5030941239.780291,0.07338135261272949,1120.794105745827,8.91,2.5300000000000002,1.0599999999999996,8.16,16.32,23.52,8
0.6179231559961704,0.3709677419354839,0.405721067724217,3.9326108973537785e-07,1998656.6523608365,61792.31559961704,196630.54486768894,0.5831698302074373,0.81,0.23,0.17,0.34,0.49,35.0,5030941239.780291,0.07338135261272949,1120.794105745827,8.91,2.5300000000000002,1.0599999999999996,8.16,16.32,23.52,8
0.6169352617228824,0.3709677419354839,0.38886919942766507,3.9152120202295117e-07,1975404.2833731517,61693.52617228824,195760.60101147558,0.5990338042307012,0.81,0.23,0.17,0.35,0.49,49.0,4821978072.903047,0.07409900604103156,1115.8354257654107,8.91,2.5300000000000002,1.0599999999999996,8.16,16.799999999999997,23.52,8
0.6179231559961704,0.3709677419354839,0.405721067724217,3.9326108973537785e-07,1998656.6523608365,61792.31559961704,196630.54486768894,0.5831698302074373,0.81,0.23,0.17,0.34,0.49,35.0,5030941239.780291,0.07338135261272949,1120.794105745827,8.91,2.5300000000000002,1.0599999999999996,8.16,16.32,23.52,8
0.6179231559961704,0.3709677419354839,0.405721067724217,3.9326108973537785e-07,1998656.6523608365,61792.31559961704,196630.54486768894,0.5831698302074373,0.81,0.23,0.17,0.34,0.49,35.0,5030941239.780291,0.07338135261272949,1120.794105745827,8.91,2.5300000000000002,1.0599999999999996,8.16,16.32,23.52,8
0.6179231559961704,0.3709677419354839,0.405721067724217,3.9326108973537785e-07,1998656.6523608365,61792.31559961704,196630.54486768894,0.5831698302074373,0.81,0.23,0.17,0.34,0.49,35.0,5030941239.780291,0.07338135261272949,1120.794105745827,8.91,2.5300000000000002,1.0599999999999996,8.16,16.32,23.52,8
0.6179231559961704,0.3709677419354839,0.405721067724217,3.9326108973537785e-07,1998656.6523608365,61792.31559961704,196630.54486768894,0.5831698302074373,0.81,0.23,0.17,0.34,0.49,35.0,5030941239.780291,0.07338135261272949,1120.794105745827,8.91,2.5300000000000002,1.0599999999999996,8.16,16.32,23.52,8
0.6169352617228824,0.3709677419354839,0.38886919942766507,3.9152120202295117e-07,1975404.2833731517,61693.52617228824,195760.60101147558,0.5990338042307012,0.81,0.23,0.17,0.35,0.49,49.0,4821978072.903047,0.07409900604103156,1115.8354257654107,8.91,2.5300000000000002,1.0599999999999996,8.16,16.799999999999997,23.52,8
0.6179231559961704,0.3709677419354839,0.405721067724217,3.9326108973537785e-07,1998656.6523608365,61792.31559961704,196630.54486768894,0.5831698302074373,0.81,0.23,0.17,0.34,0.49,35.0,5030941239.780291,0.07338135261272949,1120.794105745827,8.91,2.5300000000000002,1.0599999999999996,8.16,16.32,23.52,8
0.6179231559961704,0.3709677419354839,0.405721067724217,3.9326108973537785e-07,1998656.6523608365,61792.31559961704,196630.54486768894,0.5831698302074373,0.81,0.23,0.17,0.34,0.49,35.0,5030941239.780291,0.07338135261272949,1120.794105745827,8.91,2.5300000000000002,1.0599999999999996,8.16,16.32,23.52,8
